pair_id,cluster1,cluster2,log_age1,log_age2,log_age_mean,age_yr,age_myr,mass1_msun,mass2_msun,mass_total_msun,separation_pc,vesc_kms,vrel_kms,dsi,p_bound,p_dis,m_dis_msun,vrel_over_vesc,tf_mean,ra1_deg,dec1_deg,parallax1_mas,pmra1_masyr,pmdec1_masyr,rv1_kms,ra2_deg,dec2_deg,parallax2_mas,pmra2_masyr,pmdec2_masyr,rv2_kms,d_now_pc,d_min_pc,t_d_min_myr,d_now_over_d_min,expansion_factor,is_expanding,delta_d_pc,compact_origin_class,class_label,reduced_mass_msun,e_k_msun_kms2,e_g_msun_kms2,e_orb_msun_kms2,energy_ratio,bound_energy_flag,energy_ratio_from_velocity,energy_ratio_check_absdiff,energy_ratio_check_reldiff
55,OCSN_69,Theia_807,7.1,8.3,7.7,50118723.36272725,50.118723362727245,35.3545,183.3694,218.7239,94.09369,0.14142,8.33628,0.0169644013876693,0.0497787438622751,0.9502212561377248,207.8360990053421,58.946966482817146,994.659005,93.45365,-4.52782,2.85687,-6.5958,2.60556,20.88484,88.14568,-19.34416,3.01699,-7.16927,1.28213,19.12949,94.84885387666412,3.86176127678822,-10.5,24.56103499891862,24.56103499891862,True,90.98709259987591,A_compact_origin,A: Dmin < 20 pc,29.639803662516993,1029.8877999173444,0.29632763307781634,1029.5914722842665,3475.503749752874,False,3474.744857526368,0.75889222650585,0.00021835459868510028
115,UPK_16,UPK_7,8.35,8.2,8.274999999999999,188364908.94897944,188.36490894897943,85.8919,143.4747,229.3666,143.18043,0.1174,9.01215,0.0130268581858934,0.0492229590806793,0.9507770409193206,218.07649723372543,76.7644804088586,13542.967985,287.32287,-19.0783,1.15298,-0.43714,-5.35742,-2.72957,276.82914,-17.24869,1.25332,-0.31654,-5.90902,-5.33174,162.54198961623032,6.717471183274911,-199.5,24.196901658607132,24.196901658607132,True,155.82451843295541,A_compact_origin,A: Dmin < 20 pc,53.72758974031093,2181.8464621212543,0.37017319002302435,2181.476288931231,5894.123402036614,False,5892.785452442036,1.337949594577367,0.00022699721456715028
154,ASCC_85,UPK_629,7.8,8.4,8.1,125892541.1794166,125.8925411794166,415.7118,107.6359,523.3477,177.14701,0.15943,2.49121,0.0639970134994641,0.0568929181010788,0.9431070818989212,493.572922165512,15.625729160132977,6809.895545,251.59566,-45.59794,1.15795,0.1482,-4.06242,8.91472,255.20043,-56.04412,1.07611,0.71101,-3.77967,10.5632,179.32368199248748,26.930910149909664,-161.5,6.658656576932993,6.658656576932993,True,152.39277184257782,B_loose_complex,B: 20-50 pc,85.49863452847886,265.3077033952572,1.0863674908876444,264.22133590436954,244.2154295122369,False,244.16341178583002,0.05201772640688773,0.0002129993445163598
145,HSC_815,Theia_873,7.95,7.5,7.725,53088444.4230988,53.08844442309879,60.7968,146.2664,207.0632,171.17171,0.10202,11.98763,0.0085104395113963,0.0485927120915091,0.9514072879084908,197.0014375376534,117.50274455989022,4573.466775000001,333.17781,60.47815,1.47341,3.60109,-1.18518,-13.95773,330.4784,59.12626,1.156,2.27663,-2.0759,-17.63696,188.1068459008653,29.147759217925287,-171.0,6.453561129501281,6.453561129501281,True,158.95908668294,B_loose_complex,B: 20-50 pc,42.94596561590857,3085.737910938654,0.2234366405551114,3085.514474298099,13810.348666505064,False,13806.89497910681,3.45368739825426,0.00025007966718687286
18,HSC_1897,HSC_1911,7.95,7.45,7.7,50118723.36272725,50.118723362727245,94.5613,147.5236,242.0849,49.15053,0.20586,3.29895,0.0624016732596735,0.0566366627627787,0.9433633372372212,228.37401915873895,16.02521130865637,249.22278,114.83688,-21.03362,1.51504,-5.98422,4.19381,37.92457,114.03044,-25.00511,1.49517,-6.47768,4.40127,35.83509,47.656059209039455,12.444043644903118,-179.0,3.829628099107368,3.829628099107368,True,35.21201556413634,A_compact_origin,A: Dmin < 20 pc,57.62450857810627,313.5658120510759,1.2206968377286078,312.3451152133473,256.87443627243147,False,256.807397487088,0.06703878534347041,0.0002609788125135643
48,HSC_486,Theia_2395,6.95,7.6,7.275,18836490.89489802,18.83649089489802,174.7611,423.7203,598.4814,6.50439,0.88976,33.88214,0.0262604428173663,0.0511145607323893,0.9488854392676106,567.8902861324946,38.08008901276749,0.03492,295.1033,24.21328,0.23737,-2.29005,-5.56667,23.92371,295.11617,23.93535,0.22545,-2.39757,-5.59811,46.40284,223.72759306151704,60.288763516810846,-9.0,3.710933514155305,3.710933514155305,True,163.4388295447062,C_wide_or_chance,C: >= 50 pc,123.72953565529355,71020.7170265282,48.96418792247351,70971.75283860572,1450.4624714490815,False,1450.093179220295,0.36929222878643486,0.00025460309112134024
118,Theia_3397,UPK_470,7.5,7.5,7.5,31622776.60168379,31.622776601683796,681.07,395.3169,1076.3869,150.1255,0.24837,3.09205,0.0803253504956258,0.0595790300226551,0.9404209699773448,1012.2568125689072,12.449369891693843,645.78925,113.92675,-25.28458,0.92951,-4.88729,4.01129,27.85816,108.28234,-19.49829,0.99754,-4.78513,4.28859,30.16769,159.0193535594819,46.2144111144317,-33.5,3.4409040324182305,3.4409040324182305,True,112.80494244505022,B_loose_complex,B: 20-50 pc,250.13169621722452,1195.7262091447553,7.713362706791606,1188.0128464379636,155.02009364760198,False,154.98681070021317,0.033282947388812545,0.00021470085977675062
27,CWNU_354,CWNU_56,6.8,6.9,6.85,7079457.843841373,7.079457843841373,121.9254,342.5362,464.4616,47.65659,0.28958,65.75228,0.004404105834809,0.0480263433579432,0.9519736566420568,442.15520772182026,227.06084674355964,8.13371,350.14277,68.55413,0.87673,-1.12172,-0.79592,-4.36606,345.70614,69.24949,0.80011,-1.18325,-1.01335,-1.5751,115.09570413749712,35.31505322885219,-26.0,3.2591117275582806,3.2591117275582806,True,79.78065090864493,B_loose_complex,B: 20-50 pc,89.91887208647604,194375.93195150228,3.7691098019510205,194372.16284170034,51570.77988306062,False,51556.62812390228,14.1517591583397,0.00027441429411053194
159,CWNU_158(1),Gulliver_32,8.95,9.4,9.175,1496235656.094436,1496.235656094436,124.3489,84.5573,208.9062,189.63135,0.09736,8.56119,0.0113722508202714,0.0489911710313395,0.9510088289686603,198.6716406262928,87.93334018077239,24018.47497,99.99867,5.21539,0.63261,-1.39371,2.90804,40.72636,98.38498,7.51789,0.5562,-0.92203,2.23521,46.49442,232.32284616115496,72.4956352867332,-80.5,3.204645979613484,3.204645979613484,True,159.82721087442175,C_wide_or_chance,C: >= 50 pc,50.33171462584642,1844.5056970194455,0.2384756311351253,1844.2672213883104,7734.566790911688,False,7732.27231534744,2.294475564248387,0.0002966521107483943
70,HSC_1807,NGC_2287,8.2,8.4,8.3,199526231.49688828,199.52623149688827,66.5071,1667.7127,1734.2198,107.43664,0.37267,8.61543,0.0432561114186987,0.0536448897893514,0.9463551102106486,1641.187769958489,23.11812058926128,1841.76488,108.335,-14.80598,1.41448,-4.20062,-0.82315,22.30707,101.51309,-20.69443,1.36456,-4.36109,-1.35161,22.88339,113.00993677421192,42.075439869602825,-12.5,2.68588842147448,2.68588842147448,True,70.93449690460909,B_loose_complex,B: 20-50 pc,63.95656150977517,2373.6081659764855,4.440152824892783,2369.1680131515927,534.5780335914004,False,534.4474995796263,0.1305340117741025,0.00024418139835853214
77,Theia_398,Theia_759,8.1,8.3,8.2,158489319.2461111,158.4893192461111,189.5518,243.6751,433.2269,105.26812,0.18817,3.99358,0.0471181245899669,0.0542361305773556,0.9457638694226445,409.730349281977,21.223255566774725,726.60725,104.2824,-20.01625,1.52275,-5.43108,1.4739,22.6231,112.31639,-18.95174,1.35509,-5.28455,0.25489,23.29708,123.3807302575404,48.8828102331539,-20.0,2.5240105810009186,2.5240105810009186,True,74.4979200243865,B_loose_complex,B: 20-50 pc,106.61631080660041,850.1947767615462,1.8871363833625188,848.3076403781837,450.5211092622042,False,450.42657685263435,0.0945324095698652,0.0002098290349250808
119,HXHWL_42,Theia_3932,7.6,8.95,8.274999999999999,188364908.94897944,188.36490894897943,265.8469,153.7227,419.5696,133.2168,0.16462,14.41221,0.0114222593203956,0.0489981613478286,0.9510018386521714,399.0114610425561,87.54835378447333,2792.2087250000004,122.37288,-35.49321,0.85971,-4.76759,3.01247,11.13924,119.40076,-35.11151,0.78333,-4.61401,2.2347,26.00278,124.86091708540404,49.89174030592335,-7.5,2.502637036106357,2.502637036106357,True,74.96917677948069,B_loose_complex,B: 20-50 pc,97.40148774989895,10115.719029598231,1.3193854663661295,10114.399644131865,7666.992920165393,False,7664.714250371307,2.278669794086454,0.00029720515172163464
33,Theia_1761,UBC_340,9.05,8.55,8.8,630957344.4801943,630.9573444801944,166.4199,354.0215,520.4414,54.16657,0.28752,4.61957,0.0622395590931623,0.0566106835954149,0.943389316404585,490.9788565746453,16.066951864218144,192.31087,268.59817,-23.11113,0.72644,0.06309,-2.59099,-13.32021,270.81946,-22.61346,0.7362,0.65396,-2.57343,-13.62937,53.478584176791294,22.43520584151761,-11.0,2.383690372825827,2.383690372825827,True,31.043378335273683,B_loose_complex,B: 20-50 pc,113.20433506606122,1207.9144234257171,4.678047721745808,1203.2363757039714,258.20908534360433,False,258.1469422071029,0.062143136501447316,0.00024066982933134256
30,HXHWL_22,NGC_2353,8.4,8.3,8.350000000000001,223872113.85683468,223.8721138568347,181.9155,542.7381,724.6536000000001,48.70492,0.35779,6.5068,0.0549870904284748,0.0554598568652285,0.9445401431347716,684.4644150671276,18.186086810699013,148.65717,108.95329,-9.47162,0.85663,-0.60776,0.91433,13.67815,108.63866,-10.25909,0.83685,-1.0988,0.78659,18.83853,32.64429898689747,14.67371870409311,-4.5,2.2246779868958244,2.2246779868958244,True,17.970580282804356,A_compact_origin,A: Dmin < 20 pc,136.24781941406212,2884.2604887897487,8.718630428029003,2875.5418583617197,330.8157757802547,False,330.7337534862806,0.08202229397409155,0.00024793948771226405
106,CWNU_2700,UBC_281,7.4,7.7,7.550000000000001,35481338.923357606,35.481338923357605,327.9212,375.1369,703.0581,93.70438,0.25408,10.43646,0.0243454198070993,0.0508366316941769,0.949163368305823,667.3169943106922,41.07548803526449,350.396955,180.96068,-63.65876,0.42577,-5.81184,0.07605,-23.73431,178.25707,-64.55045,0.40914,-5.56462,0.2009,-12.34169,113.75707214997588,55.67802442651519,-9.0,2.0431233565069182,2.0431233565069182,True,58.0790477234607,C_wide_or_chance,C: >= 50 pc,174.97180163670686,9528.937837917432,5.646254856559945,9523.291583060873,1687.6563456653928,False,1687.1957173351564,0.4606283302364318,0.00027293964877358947
10,CWNU_218,LP_2210,8.85,8.85,8.85,707945784.3841373,707.9457843841373,223.2858,377.9468,601.2326,36.37696,0.3771,19.51162,0.0193269446616939,0.0501150663661474,0.9498849336338524,571.1017883495086,51.741235746486346,66.506955,244.93126,-55.56478,0.74135,0.01002,-1.48735,-20.18742,247.14896,-54.99539,0.71235,0.00017,-1.25218,-1.0467,64.20782883796046,33.83108510541348,-3.0,1.8978944552885848,1.8978944552885848,True,30.376743732546984,B_loose_complex,B: 20-50 pc,140.36190585048115,26718.12143021045,9.97760860216413,26708.143821608286,2677.808129737152,False,2677.1554765734763,0.6526531636754953,0.00024372663464113033
71,CWNU_230,Ruprecht_135,8.65,9.1,8.875,749894209.3324559,749.8942093324558,164.4958,272.1408,436.6366,111.57357,0.1835,18.24062,0.0100599650669768,0.0488080741078371,0.9511919258921628,415.325208469006,99.40392370572208,1656.68839,270.10554,-13.33526,0.97167,1.49754,-0.76488,-30.72087,269.51617,-11.64509,0.8971,1.45707,-1.43639,-13.59314,91.82688380005172,52.18490466142497,-4.0,1.7596445638029508,1.7596445638029508,True,39.641979138626745,C_wide_or_chance,C: >= 50 pc,102.52465919861048,17056.013478669,1.7256321774327124,17054.287846491567,9883.921789198363,False,9881.140048093015,2.7817411053474643,0.0002814410276280705
45,BDSB_91,UPK_448,6.65,7.5,7.075,11885022.27437019,11.88502227437019,34.7504,155.2268,189.9772,66.93146,0.15627,12.06667,0.0129505489086881,0.0492122463501174,0.9507877536498824,180.62799523269445,77.21680424905612,1529.95166,96.30793,-10.56515,1.05106,-3.16019,1.23957,41.43012,100.81662,-12.24754,1.08295,-2.61267,0.74405,30.6659,82.25559459261522,47.27871125783008,-5.5,1.739801961691425,1.739801961691425,True,34.97688333478514,B_loose_complex,B: 20-50 pc,28.393898797961022,2067.140072110312,0.3466229410185809,2066.793449169293,5963.65626013052,False,5962.434858437052,1.2214016934685787,0.0002048075274951959
152,Theia_3986,UBC_1138,8.75,7.8,8.275,188364908.9489802,188.3649089489802,100.9247,143.8368,244.7615,193.93543,0.10421,26.69429,0.0039038311189396,0.0479577724842718,0.9520422275157282,233.02328367009093,256.1586220132425,22313.64339,324.03585,50.48027,0.53651,-3.84336,-3.34489,-2.88327,320.3983,50.26748,0.59218,-3.40307,-3.41012,-24.21663,189.4857505467165,117.02025000740989,-6.0,1.6192560734976895,1.6192560734976895,True,72.46550053930662,C_wide_or_chance,C: >= 50 pc,59.30951513599974,21131.53893876902,0.3219373842262519,21131.217001384794,65638.6613488732,False,65617.23963172325,21.421717149947654,0.00032635822714436566
37,Alessi_21,UPK_452,7.9,7.5,7.7,50118723.36272725,50.118723362727245,875.6846,50.6138,926.2984,61.47343,0.36007,5.42109,0.0664202217635198,0.0572842367183346,0.9427157632816654,873.2361031825855,15.055655844696863,383.377665,107.6678,-9.5999,1.78076,-5.54873,2.68672,37.3579,110.29066,-11.69987,1.60001,-5.82163,3.27145,41.34261,72.15129136649132,46.21788244315994,-10.5,1.5611120101667362,1.5611120101667362,True,25.933408923331385,B_loose_complex,B: 20-50 pc,47.84821522684266,703.0868610050599,3.100918126433568,699.9859428786262,226.73506114580812,False,226.67277291395482,0.06228823185330157,0.0002747181293379476
2,HSC_1071,Stock_5,7.45,7.85,7.65,44668359.21509635,44.668359215096345,57.4743,278.285,335.75930000000005,14.71653,0.44306,9.82883,0.0450775931621566,0.0539229815088024,0.9460770184911976,317.6541574746916,22.18397056832032,15.18625,33.44864,64.34147,1.02875,-0.70096,-2.20432,-20.49247,31.13864,64.3711,1.04724,-0.81323,-2.19129,-25.99978,24.02797442754608,15.57178560365031,-3.0,1.5430455465501327,1.5430455465501327,True,8.45618882389577,A_compact_origin,A: Dmin < 20 pc,47.63601656156657,2300.9601063773753,4.674327712247137,2296.285778665128,492.2547686052614,False,492.1285501761021,0.12621842915928028,0.0002564087484960348
4,Markarian_38,Turner_3,6.9,8.75,7.825,66834391.756861486,66.83439175686148,119.6895,239.6745,359.364,36.66183,0.29041,11.96233,0.0242770430175392,0.0508267346004587,0.9491732653995412,341.0987013470407,41.19117798973864,104.347085,273.83725,-19.02347,0.55647,0.82052,-2.34236,17.62846,274.35145,-19.02973,0.54777,0.61157,-2.45888,24.11801,32.416195544619086,21.44799501827578,-3.5,1.511385820306156,1.511385820306156,True,10.968200526343306,B_loose_complex,B: 20-50 pc,79.82580633494173,5711.430236183235,3.365308111365549,5708.06492807187,1697.149279406008,False,1696.713144182329,0.4361352236790026,0.00025698106169638025
6,Alessi_96,HSC_1314,7.3,8.9,8.1,125892541.1794166,125.8925411794166,799.513,64.689,864.202,25.98995,0.53488,11.15949,0.0479305057847625,0.0543612787139763,0.9456387212860236,817.2228742128242,20.863539485492076,10.78058,75.49977,37.76463,3.06742,0.71921,-12.50245,8.9597,75.15374,37.25731,2.87364,3.38847,-9.94498,8.58924,22.24379882389827,15.297147773228891,-128.0,1.4541141364161048,1.4541141364161048,True,6.946651050669379,A_compact_origin,A: Dmin < 20 pc,59.84676783552919,3726.485187987602,8.558775053090487,3717.9264129345115,435.39936087489593,False,435.28727986268694,0.11208101220898925,0.0002574211684274697
56,CWNU_426,HSC_2625,8.4,9.1,8.75,562341325.1903491,562.3413251903492,87.5619,23.0764,110.6383,145.98964,0.08075,12.39525,0.0065145922833343,0.0483166462760605,0.9516833537239394,105.29262839431532,153.5015479876161,29063.623855,208.54694,-57.85322,0.60821,-3.54679,-1.68704,-6.7192,208.90933,-60.56555,0.51835,-3.77984,-1.65106,0.76907,297.29094252758546,204.53186835280837,-17.0,1.4535189304327474,1.4535189304327474,True,92.75907417477708,C_wide_or_chance,C: >= 50 pc,18.263236412345456,1403.0021167885675,0.05952813633534657,1402.9425886522322,23568.722341396297,False,23562.72523459441,5.9971068018858205,0.000254451926371607
46,Alessi_2(1),CWNU_1137(1),8.85,8.55,8.7,501187233.6272715,501.1872336272715,332.8422,213.5832,546.4254,76.58162,0.24777,5.25317,0.047165806551092,0.0542434685227116,0.9457565314772884,516.7853910150899,21.201800056504016,451.96341,71.73648,55.10099,1.62752,-0.96835,-1.08579,-10.13609,66.54316,58.32485,1.46985,-1.28937,-1.47931,-5.4179,81.84294822526786,56.54724830482143,-12.0,1.4473374156791574,1.4473374156791574,True,25.29569992044643,C_wide_or_chance,C: >= 50 pc,130.09919043119154,1795.0952975834869,3.9924732279511512,1791.1028243555356,449.6198709652187,False,449.5163256359737,0.10354532924498017,0.00023029526925199027
54,HSC_2304,NGC_3114,8.25,7.9,8.075,118850222.74370164,118.85022274370164,280.2901,4057.3105,4337.6006,88.83905,0.64815,5.74707,0.1127792074918175,0.0652738331911529,0.9347261668088472,4054.468781985755,8.866882666049525,383.29123,147.57269,-60.11266,0.90052,-7.0883,4.10404,-1.99437,150.52974,-60.03539,0.97358,-7.35743,3.82889,-3.72063,87.76306629672841,61.011491010593474,-23.0,1.438467817177096,1.438467817177096,True,26.751575286134937,C_wide_or_chance,C: >= 50 pc,262.17811888352514,4329.716107321851,55.055813792066694,4274.660293529784,78.64230512828684,False,78.62160821348954,0.020696914797298405,0.0002631778756171522
42,Theia_752,Theia_962,8.4,7.7,8.05,112201845.43019652,112.20184543019651,49.7326,39.5298,89.2624,65.01757,0.10868,2.27464,0.047778989202687,0.054337916803296,0.945662083196704,84.41206713513746,20.9297018770703,1039.3485449999998,28.58239,63.0841,1.34633,-3.62409,0.25512,-13.00119,27.10182,68.30143,1.35861,-4.44055,0.4334,-11.56579,68.08992311177028,48.60781424700411,-19.5,1.4008019938063132,1.4008019938063132,True,19.482108864766168,B_loose_complex,B: 20-50 pc,22.024051913011526,56.97608056978196,0.13004574185956339,56.8460348279224,438.1233845496497,False,438.05242066304004,0.07096388660966113,0.00016197237835776659
73,CWNU_11(1),HSC_1561,8.15,8.9,8.525,334965439.1578279,334.9654391578279,96.9981,41.4854,138.4835,106.1257,0.10596,19.59888,0.005406431387916,0.0481640087643897,0.9518359912356102,131.81357949227663,184.96489241223105,3486.875405,91.11938,18.07306,1.06877,-0.00218,-1.49189,3.46514,95.66828,14.38379,1.00154,-0.0471,-1.97223,23.32404,115.05007192415306,84.96520492397046,-4.0,1.3540845576386649,1.3540845576386649,True,30.084867000182598,C_wide_or_chance,C: >= 50 pc,29.05764930652388,5580.755423504489,0.16307937194598415,5580.592344132543,34221.09955974671,False,34212.01142506821,9.088134678502684,0.00026557108904802095
129,HSC_277,HXHWL_37,8.1,8.9,8.5,316227766.01683795,316.227766016838,34.2331,71.8369,106.07,161.92684,0.07507,19.38907,0.0038717689914988,0.0479533810142502,0.9520466189857498,100.98358487581848,258.2798721193553,51715.41419,283.85428,-6.50127,0.96609,0.0167,-2.9922,0.62206,277.89605,-11.49284,0.88531,-0.00868,-3.06749,20.98978,173.45936403296636,128.3022822032164,-6.5,1.3519585236856988,1.3519585236856988,True,45.157081829749956,C_wide_or_chance,C: >= 50 pc,23.184687295088153,4357.979712604438,0.06531847845706416,4357.914394125981,66718.94103395368,False,66708.49234199051,10.448691963174497,0.00015660758101446922
19,CWNU_361,NGC_1582,7.35,8.4,7.875,74989420.93324558,74.98942093324558,250.6748,358.6051,609.2799,46.92114,0.33425,32.83058,0.0101810568074033,0.0488249422319349,0.9511750577680652,579.5318440794209,98.22163051608078,55.723275,64.4138,42.78835,1.03705,2.04455,-1.39779,-23.17358,67.98189,43.74367,1.03269,2.1593,-1.39038,-21.30303,46.85537273919744,35.59632472066173,-21.5,1.3162980478150443,1.3162980478150443,True,11.259048018535715,B_loose_complex,B: 20-50 pc,147.5401727867274,79512.86506479864,8.239856955618368,79504.62520784301,9649.787064638615,False,9647.488701237491,2.2983634011234244,0.00023817762876299263
3,HSC_2893,UFMG_24,8.05,8.8,8.425,266072505.9798814,266.0725059798814,40.2817,58.94,99.2217,14.43415,0.2432,3.54248,0.068652469456426,0.0576469532900946,0.9423530467099054,93.50187129473622,14.56611842105263,34.104389999999995,258.1873,-36.4873,0.69962,2.09517,-1.35953,-21.5353,258.00477,-35.94119,0.71648,1.94989,-1.04777,-22.4997,36.41054791733831,28.85586772108617,-8.0,1.2618074171005302,1.2618074171005302,True,7.554680196252143,B_loose_complex,B: 20-50 pc,23.92826768741112,150.1398843076707,0.7074370431893033,149.4324472644814,212.23073594054748,False,212.17180585612877,0.058930084418705064,0.00027766988677461514
36,ASCC_66,HSC_2412,7.7,8.3,8.0,100000000.0,100.0,118.0387,48.1847,166.2234,53.2815,0.16384,6.73855,0.0243138360626544,0.0508320599267908,0.9491679400732091,157.77392216996506,41.12884521484375,1496.2033800000002,168.37566,-55.44543,1.03273,-11.08434,2.89222,-7.69968,170.55696,-58.49138,0.99799,-11.15234,1.97177,-6.68032,65.53195462650228,52.177901237650815,-8.5,1.2559331263254294,1.2559331263254294,True,13.354053388851469,C_wide_or_chance,C: >= 50 pc,34.216959512860406,776.8628086084682,0.45911155495278927,776.4036970535154,1692.1003190354324,False,1691.5819087065756,0.5184103288568167,0.00030637091845259635
107,Collinder_185(1),HSC_2030,8.1,8.8,8.45,281838293.12644494,281.8382931264449,196.9472,72.0764,269.0236,124.6138,0.13629,23.77424,0.0057326753662787,0.048208897830748,0.951791102169252,256.05426875354,174.43862352336927,6952.64093,125.81607,-36.35811,0.66615,-4.95622,3.91327,21.42967,123.84663,-34.73513,0.69163,-5.04653,3.62933,4.281,80.60361890810469,64.97798918260472,-2.5,1.2404757352768794,1.2404757352768794,True,15.625629725499977,C_wide_or_chance,C: >= 50 pc,52.76579885957961,14911.996982019999,0.48993430171198943,14911.507047718287,30436.72780189638,False,30428.833376727758,7.894425168622547,0.00025937167819106623
91,CWNU_153(1),Roslund_3,8.1,8.25,8.175,149623565.60944358,149.62356560944357,77.1058,342.8298,419.9356,155.18122,0.15259,4.40359,0.0346512731657579,0.0523493609320663,0.9476506390679336,397.9522397073761,28.85896847761977,15727.659075,302.04534,23.16123,0.58462,-0.46362,-5.17274,-19.74998,299.69109,20.50147,0.57364,-0.40312,-5.1714,-14.3202,108.77246837522492,89.11989417418066,-65.0,1.2205183745240342,1.2205183745240342,True,19.65257420104426,C_wide_or_chance,C: >= 50 pc,62.948142507660705,610.3327539741844,0.7326347932865347,609.6001191808979,833.0654775980346,False,832.8400615922515,0.22541600578313137,0.0002705861806122011
103,HSC_1664,OC_0353,7.25,7.5,7.375,23713737.056616552,23.71373705661655,26.2277,121.9372,148.1649,125.51853,0.10078,10.31535,0.0097699060138531,0.0487676912545741,0.951232308745426,140.93923990203513,102.35512998610837,20390.604715,106.05624,3.97029,1.19567,-5.07008,-0.99348,33.57794,98.5239,-0.83825,1.23847,-4.11875,-0.62436,28.57719,131.20335307279217,107.67408214941538,-12.5,1.2185230693745417,1.2185230693745417,True,23.529270923376785,C_wide_or_chance,C: >= 50 pc,21.58495230948761,1148.3890270918746,0.10958463617050984,1148.2794424557042,10479.471093968152,False,10476.57263447314,2.898459495012503,0.0002765845212055424
28,OC_0450,UPK_535,7.35,7.35,7.35,22387211.385683376,22.387211385683376,1651.6224,149.4543,1801.0767,54.10297,0.53519,5.50329,0.097249100083768,0.0624881358960514,0.9375118641039486,1688.5307744111883,10.282871503578168,38.414295,119.00617,-44.35479,3.03439,-11.32763,4.66669,11.06739,127.03926,-50.89499,3.18259,-13.18488,3.29762,6.73472,49.9975757993835,41.6086735924244,-14.0,1.2016142665140486,1.2016142665140486,True,8.388902206959095,B_loose_complex,B: 20-50 pc,137.05250290357984,2075.3998131916833,19.622717945935495,2055.7770952457477,105.76515541373138,False,105.73744635909993,0.02770905463144402,0.0002619866110256439
61,CWNU_282,Theia_2115,8.8,7.9,8.350000000000001,223872113.85683468,223.8721138568347,196.2208,183.7467,379.9675,100.80034,0.18009,28.11576,0.006405304355991,0.0483015726275225,0.9516984273724776,361.6144722026518,156.12060636348494,1444.40883,245.32377,-53.82698,0.75604,-2.77138,-2.9007,-40.49277,239.44212,-53.0606,0.72799,-3.27965,-3.1991,-28.10774,98.52782720518708,84.22702580196976,-5.0,1.1697887497160426,1.1697887497160426,True,14.30080140321732,C_wide_or_chance,C: >= 50 pc,94.88949573676696,37504.8815310909,1.5383802011721175,37503.34315088973,24379.461918786594,False,24373.643731302214,5.81818748437945,0.0002386511853198863
14,CWNU_406,HSC_1507,7.85,8.8,8.325,211348903.98366436,211.34890398366437,109.9243,43.1171,153.0414,36.18793,0.19075,16.22145,0.0117591214102315,0.0490452734499452,0.9509547265500548,145.53544268783756,85.04036697247707,199.873085,91.29524,20.93535,1.00305,1.63603,-2.31718,-4.31491,91.84581,19.26924,0.98565,1.40459,-2.24139,12.27921,35.317531994772445,30.989305253712494,-1.0,1.1396684019091208,1.1396684019091208,True,4.32822674105995,B_loose_complex,B: 20-50 pc,30.969509136285996,4074.5877081675053,0.5633010996013638,4074.024407067904,7233.4098247828815,False,7231.864014813569,1.5458099693123586,0.0002137041874796245
74,Ruprecht_121,UBC_546,8.45,9.05,8.75,562341325.1903491,562.3413251903492,1295.6229,243.942,1539.5649,115.17818,0.33913,11.56501,0.029323796520712,0.051562139049771,0.9484378609502288,1460.181640550053,34.10199628461062,442.828525,250.4249,-46.1687,0.49546,-1.11668,-2.56975,-51.37865,253.69819,-48.59306,0.48995,-1.00606,-2.7039,-41.6438,118.51729649903297,105.74398310231092,-10.0,1.1207947064407762,1.1207947064407762,True,12.773313396722045,C_wide_or_chance,C: >= 50 pc,205.28971625152013,13728.693966321309,11.802012566856995,13716.891953754452,1163.250241308412,False,1162.9461505955967,0.30409071281519573,0.00026141469996443555
98,UBC_1563,UBC_561,7.85,7.85,7.85,70794578.43841374,70.79457843841374,299.2593,98.1823,397.4416,121.7023,0.16762,18.07412,0.0092740338118812,0.0486987279126207,0.9513012720873792,378.08669966044334,107.8279441594082,4292.783195,259.25988,-41.7062,0.606,-0.02133,-3.56194,-43.91694,261.44911,-37.53578,0.55472,0.14016,-3.75562,-30.98474,203.9475627139131,185.75954157307592,-5.5,1.0979116388144303,1.0979116388144303,True,18.18802114083718,C_wide_or_chance,C: >= 50 pc,73.92775786528134,12075.131302820924,1.0383485487864204,12074.092954272137,11629.16952783711,False,11626.865541644454,2.3039861926554295,0.00019812130067760258
57,OC_0442,Theia_5431,8.85,8.4,8.625,421696503.4285823,421.6965034285823,111.0302,203.5613,314.5915,80.99023,0.18281,23.28393,0.0078513378110997,0.0485013799390832,0.9514986200609168,299.3333781328939,127.36682894808818,1165.2797,126.04363,-32.57536,0.5841,-4.29637,3.25043,-3.04155,128.03816,-34.21858,0.56889,-4.54824,3.28152,12.49531,84.32846187800973,77.16238316333161,-2.0,1.0928701061436827,1.0928701061436827,True,7.166078714678122,C_wide_or_chance,C: >= 50 pc,71.84380967464155,19474.751644281514,1.2002308746889299,19473.551413406825,16225.837924165122,False,16222.309116291553,3.5288078735684394,0.00021748077911668215
144,Teutsch_254,UBC_668,8.7,8.9,8.8,630957344.4801943,630.9573444801944,393.9253,292.3125,686.2378,182.03013,0.1801,10.92235,0.0164891255087046,0.0497113443228654,0.9502886556771346,652.1239964368343,60.64602998334258,6364.377005,251.39543,-44.44324,0.34739,-0.68161,-1.08102,-41.29384,250.68191,-48.003,0.33941,-0.64553,-1.05394,-41.55332,194.7730110648325,184.92855887614897,-13.0,1.0532338122814042,1.0532338122814042,True,9.844452188683533,C_wide_or_chance,C: >= 50 pc,167.79794009634853,10008.956636023422,2.720690068124607,10006.235945955297,3678.8301443400624,False,3677.9409527404873,0.8891915995750423,0.00024170498900121212
90,CWNU_128(1),Gulliver_36,8.6,8.75,8.675,473151258.9614813,473.1512589614813,213.8741,350.2286,564.1026999999999,125.70207,0.1965,15.7685,0.012461553096363,0.0491436507939867,0.9508563492060133,536.3806338992548,80.24681933842238,923.585765,117.58859,-35.16274,0.6945,-0.75893,-0.11435,7.46052,123.19917,-35.08619,0.74467,-0.23801,0.63938,9.52116,147.6734728562222,140.66974896932572,-5.5,1.0497884153360058,1.0497884153360058,True,7.003723886896466,C_wide_or_chance,C: >= 50 pc,132.78579701756436,16508.301570910287,2.562881123700915,16505.738689786587,6441.306004498391,False,6439.5520139334,1.7539905649909997,0.00027230356138430184
44,Theia_1474,Theia_3779,8.2,8.4,8.3,199526231.49688828,199.52623149688827,157.1133,86.0179,243.1312,69.24955,0.1738,14.08391,0.0123403231062964,0.0491266588745491,0.9508733411254509,231.18697647584025,81.03515535097813,1072.464065,336.76836,59.90397,0.99414,-2.99424,-2.75507,-31.92874,331.36682,62.9624,0.9645,-2.93483,-3.21135,-18.2093,77.70356589517789,74.66289203249548,-1.5,1.040725369456075,1.040725369456075,True,3.040673862682411,C_wide_or_chance,C: >= 50 pc,55.58544575138855,5512.867815629826,0.8393554593149067,5512.028460170511,6567.977552835008,False,6566.696402757159,1.2811500778489062,0.00019506005730727708
82,NGC_6793,Theia_171,8.05,8.15,8.100000000000001,125892541.17941712,125.89254117941714,655.0026,143.6972,798.6998000000001,120.48329,0.23882,10.59065,0.0225500795513023,0.0505773718026839,0.949422628197316,758.3036632566708,44.3457415626832,1968.024805,290.71749,22.08871,1.63717,3.80028,3.44935,-19.72715,292.52717,31.64232,1.90722,5.20032,4.21308,-23.62213,128.90138597646603,124.37596865363088,-4.5,1.0363849815347994,1.0363849815347994,True,4.525417322835153,C_wide_or_chance,C: >= 50 pc,117.84407559976852,6608.805791974152,3.359894186637596,6605.445897787515,1966.9684296182834,False,1966.5447947442883,0.42363487399506994,0.0002153745162433959
21,HSC_2244,Theia_149,7.5,8.45,7.975,94406087.62859228,94.40608762859227,127.956,135.849,263.805,48.4521,0.21644,22.95888,0.0094272891360554,0.0487200319852955,0.9512799680147044,250.95241196211916,106.07503234152652,65.91235499999999,141.03478,-55.46884,1.66606,-11.62522,7.96889,-0.41818,140.98362,-51.34133,1.66812,-11.27313,8.38511,6.61211,43.21040626707025,41.95712216541858,-2.0,1.029870592570923,1.029870592570923,True,1.2532841016516656,B_loose_complex,B: 20-50 pc,65.89221070108603,17366.227220311794,1.5429987883603826,17364.684221523432,11254.854735670564,False,11251.912486255898,2.942249414665639,0.0002614204699897746
1,ASCC_21,Briceno_1,6.95,7.05,7.0,10000000.0,10.0,84.0195,159.6547,243.6742,13.29059,0.39718,6.66417,0.0595993199453195,0.0561891530429189,0.9438108469570812,229.98235308358915,16.778714940329323,9.56815,82.35132,3.43514,2.91716,1.4908,-0.56435,9.52387,81.12462,1.56573,2.88817,1.39197,-0.06166,16.13766,13.8732097308167,13.48997954782878,-0.5,1.0284085073390343,1.0284085073390343,True,0.383230182987921,A_compact_origin,A: Dmin < 20 pc,55.049357160708844,1222.4029536195908,4.340888481662687,1218.0620651379281,281.6020173711937,False,281.52527504883045,0.07674232236325906,0.00027252049924806173
35,HSC_446,UPK_65,8.45,8.8,8.625,421696503.4285823,421.6965034285823,20.0591,154.4423,174.5014,60.98446,0.15691,14.55596,0.0107797768062017,0.0489084254500177,0.9510915745499824,165.96681128717626,92.76629915238036,871.780575,290.20608,20.76016,1.29977,-1.40085,-3.09003,-4.4733,286.50411,23.37186,1.3173,-1.8319,-3.66737,-17.89581,58.39727874454271,57.83307942382994,-0.5,1.0097556506818188,1.0097556506818188,True,0.5641993207127669,C_wide_or_chance,C: >= 50 pc,17.753287594999236,1880.7475284464165,0.2184839859185106,1880.529044460498,8608.171077343359,False,8605.586258428924,2.584818914434436,0.00030027503998354075
12,CWNU_2606,CWNU_2714,7.8,7.65,7.725,53088444.4230988,53.08844442309879,211.3668,342.6322,553.999,50.97391,0.3058,34.25214,0.0089279093218701,0.048650645553493,0.9513493544465068,527.0465910140105,112.0083060824068,65.859815,257.8626,-41.74231,0.61788,1.1225,-2.31538,-44.12241,256.92301,-42.5858,0.61224,1.04966,-1.82796,-33.27695,34.43422383928891,34.12683914182537,-0.5,1.009007124749705,1.009007124749705,True,0.30738469746354014,B_loose_complex,B: 20-50 pc,130.72419208511207,76683.405517912,6.110518850673963,76677.29499906133,12549.409860580688,False,12545.860631450128,3.5492291305599792,0.0002828204011177103
84,CWNU_1842,Theia_2062,7.9,7.9,7.9,79432823.47242822,79.43282347242821,110.5795,106.4577,217.0372,119.17112,0.12518,17.97861,0.0069627184748987,0.0483785012416944,0.9516214987583056,206.5372655503061,143.62206422751237,5713.901875,251.79806,-48.86785,0.80689,0.57065,-2.15545,-1.61715,243.53705,-51.26142,0.81359,0.17276,-2.16806,-19.24733,125.59669561699094,125.3205806431628,-0.5,1.0022032691870009,1.0022032691870009,True,0.2761149738281432,C_wide_or_chance,C: >= 50 pc,54.239730503111915,8765.965368674722,0.4248560125823779,8765.54051266214,20632.791131736747,False,20627.297332971688,5.493798765059182,0.00026626541847790935
25,Theia_123,UPK_292,8.1,7.75,7.925,84139514.16451947,84.13951416451947,398.5576,80.78,479.3376,50.83787,0.28482,2.42841,0.1172866196400113,0.0661037334636802,0.9338962665363196,447.6515950504798,8.52612176111228,258.911915,43.13938,68.76786,2.28556,1.45635,-7.95374,-8.23633,56.3147,64.85259,2.2644,0.15054,-8.0923,-5.69607,49.84049169058808,49.81914279479171,-1.0,1.0004285279633234,1.0004285279633234,True,0.02134889579637189,B_loose_complex,B: 20-50 pc,67.16661269218189,198.04663890353038,2.72375905090094,195.32287985262943,72.71077771656135,False,72.69475228531238,0.01602543124897693,0.00022039966772803218
49,UBC_249,UBC_487,7.8,7.35,7.574999999999999,37583740.42884436,37.58374042884436,435.8659,205.2997,641.1656,73.36113,0.27422,56.00036,0.0048967542351513,0.0480939598922113,0.9519060401077886,610.3294073493344,204.2169061337612,346.247475,137.01516,-52.94738,0.50877,-6.06675,4.27817,-3.57526,139.71644,-51.60571,0.51991,-5.80835,4.1611,34.56328,83.61011813586973,83.61011813586973,0.0,1.0,1.0,False,0.0,C_wide_or_chance,C: >= 50 pc,139.56322439979624,218837.9494625281,5.246096615366343,218832.70336591275,41714.43370324706,False,41704.54475084543,9.888952401626739,0.0002370630864121495
101,HXHWL_33,NGC_6249,8.0,7.1,7.55,35481338.92335753,35.481338923357534,280.2326,107.3843,387.6169,117.57765,0.16842,23.68052,0.0071121749015646,0.0483991474567804,0.9516008525432196,368.8565725001599,140.60396627478923,6729.97748,251.71544,-41.20573,0.89694,1.37256,-3.01936,-2.58026,254.45268,-44.80926,0.83006,1.63853,-3.38601,-24.4539,122.54257377515644,122.54257377515644,0.0,1.0,1.0,False,0.0,C_wide_or_chance,C: >= 50 pc,77.63485438374849,21767.533260436,1.1007679082843327,21766.432492527718,19774.861800216437,False,19769.475332202066,5.386468014370621,0.000272389666678311
87,HSC_204,HSC_240,6.95,8.1,7.525,33496543.915782794,33.496543915782794,16.4888,47.1467,63.63550000000001,122.24917,0.06692,27.22753,0.002457806492179,0.0477600934253689,0.9522399065746312,60.59626257482994,406.8668559473999,14348.115745,275.32448,-12.23308,1.42282,0.43279,-4.72006,-11.43757,285.01239,-10.69925,1.40046,0.39975,-5.38817,-1.29869,119.29497299289532,119.29497299289532,0.0,1.0,1.0,False,0.0,C_wide_or_chance,C: >= 50 pc,12.21633375961531,4528.218599922611,0.027349885964484334,4528.191250036647,165566.26984854005,False,165540.6384685223,25.63138001775951,0.00015481039731828886
123,CWNU_2470,HXHWL_51,6.95,7.85,7.4,25118864.315095823,25.118864315095824,51.6289,251.643,303.2719,148.7285,0.13246,13.54278,0.0097808574015084,0.0487692153621926,0.9512307846378074,288.4815673955987,102.24052544164276,17463.10228,275.86365,-13.38244,0.54474,0.79722,-0.24531,12.45366,278.67703,-13.02423,0.5903,0.63427,-0.18044,25.89595,165.2313005081211,165.2313005081211,0.0,1.0,1.0,False,0.0,C_wide_or_chance,C: >= 50 pc,42.8396144934628,3928.540234272772,0.3757029603236104,3928.1645313124486,10456.505934605728,False,10453.1250425832,3.380892022527405,0.00032332903970707543
8,Majaess_99,Theia_1079,6.85,7.9,7.375,23713737.056616552,23.71373705661655,81.4406,226.3073,307.7479,34.54165,0.27687,22.75376,0.0121680988109217,0.049102529036729,0.9508974709632708,292.6366998042576,82.18210712608806,162.1427,125.58609,-42.11656,0.6565,-4.34783,5.22257,16.05705,124.36254,-42.59771,0.66086,-4.78502,5.12911,38.62941,28.9391177071253,28.9391177071253,0.0,1.0,1.0,False,0.0,B_loose_complex,B: 20-50 pc,59.888637083729904,15503.17966268092,2.294867086922669,15500.884795593996,6755.58935461927,False,6753.898731683813,1.6906229354572133,0.0002502554324592296
15,Pismis_6,Pismis_8,7.2,7.2,7.2,15848931.924611142,15.848931924611142,358.3891,39.0936,397.4827,46.05083,0.27252,21.29377,0.0127981094939975,0.0491908526567766,0.9508091473432232,377.93018707068217,78.13654043739909,515.08099,129.83389,-46.25455,0.54909,-5.8563,5.13343,12.51988,130.40082,-46.2663,0.5335,-5.6588,4.96685,-6.23217,54.70086189543201,54.70086189543201,0.0,1.0,1.0,False,0.0,C_wide_or_chance,C: >= 50 pc,35.248628732168726,7991.298411015435,1.3085312062391115,7989.989879809195,6107.07514877193,False,6105.318951525303,1.7561972466264706,0.0002875676496267815
59,Antalova_2,HSC_2914,6.8,7.85,7.324999999999999,21134890.398366436,21.134890398366437,74.276,84.867,159.143,92.58167,0.12161,19.10878,0.0063640902244936,0.048295889285731,0.951704110714269,151.4570472914009,157.13165035770083,6943.6292300000005,262.49848,-32.52029,0.86005,2.04858,-1.08534,-9.80656,259.65354,-33.53241,0.81242,2.27293,-1.89584,-28.4421,87.02283366547142,87.02283366547142,0.0,1.0,1.0,False,0.0,C_wide_or_chance,C: >= 50 pc,39.60954168263763,7231.6224182607075,0.29283530575341443,7231.329582954954,24695.186257186433,False,24690.355544134745,4.8307130516877805,0.0001956135500003373
43,ESO_522-05,HSC_94,7.8,6.85,7.324999999999999,21134890.398366436,21.134890398366437,91.3288,26.2336,117.5624,75.57739,0.11569,21.85677,0.0052930968299524,0.0481484239497561,0.9518515760502438,111.90195572424918,188.92531765926185,4707.523895,273.21005,-24.36958,0.7188,1.65144,-1.52857,1.45252,270.40353,-23.72232,0.75619,2.20364,-2.52429,20.65762,92.9896997692522,92.9896997692522,0.0,1.0,1.0,False,0.0,C_wide_or_chance,C: >= 50 pc,20.379672477594877,4867.872211608428,0.13634362690764937,4867.735867981521,35702.968462952944,False,35692.775652653,10.19281029994454,0.0002854891550690266
156,HSC_661,Teutsch_39,7.35,7.15,7.25,17782794.100389227,17.78279410038923,75.8511,49.7798,125.6309,185.98967,0.07623,6.9655,0.0109439379800445,0.0489313390961702,0.9510686609038298,119.48361183114297,91.37478682933228,24093.219490000003,317.37138,40.1505,1.67149,-0.37272,-6.64278,-13.44044,339.12064,37.77864,2.04024,-1.69525,-6.08149,-11.15653,193.432157145729,193.432157145729,0.0,1.0,1.0,False,0.0,C_wide_or_chance,C: >= 50 pc,30.05512646793106,729.1101719794448,0.08731468583043991,729.0228572936144,8350.372735639623,False,8349.351668105915,1.0210675337075372,0.00012227807859996388
79,CWNU_446,FSR_0369,7.0,6.85,6.925,8413951.416451948,8.413951416451948,144.5015,23.0013,167.50279999999998,112.21352,0.11333,14.74353,0.0076867615828773,0.0484785999344801,0.95152140006552,159.38249877089476,130.09379687637872,12974.425945,340.28349,65.28937,1.06322,-0.36303,-2.58904,-36.91753,334.02497,60.81525,1.11458,-0.33846,-2.92519,-22.72476,95.24560572427023,95.24560572427023,0.0,1.0,1.0,False,0.0,C_wide_or_chance,C: >= 50 pc,19.84278681878751,2156.629922196602,0.1273915555290198,2156.502530641073,16929.1434839676,False,16924.395985712486,4.7474982551138964,0.00028043345840915803
7,CWNU_1092(1),CWNU_1106(1),7.25,6.6,6.925,8413951.416451948,8.413951416451948,23.5254,8.884,32.409400000000005,25.73203,0.1041,17.82252,0.0058409248523777,0.0482238010352518,0.9517761989647482,30.846495542728118,171.2057636887608,574.393635,90.90083,8.1961,2.35572,-3.41419,-4.06082,28.83244,87.65201,8.22216,2.44222,-3.43178,-3.63822,46.8791,27.810141461061185,27.810141461061185,0.0,1.0,1.0,False,0.0,B_loose_complex,B: 20-50 pc,6.448735663110085,1024.195353372307,0.03493273634424714,1024.1604206359627,29319.070320724404,False,29311.41352025181,7.656800472595933,0.00026115427224797323
143,HSC_717,UPK_185,7.15,8.1,7.625,42169650.34285823,42.16965034285823,14.0263,352.7677,366.794,180.10829,0.13237,13.15578,0.0100617371223903,0.0488083209159443,0.9511916790840556,348.8914007379571,99.3864168618267,80410.783255,324.87078,44.37168,1.56642,4.22781,-1.92112,-21.33143,346.34271,49.37749,1.80838,2.65031,-1.96271,-12.08241,181.09207808829885,181.09207808829885,0.0,1.0,1.0,False,0.0,C_wide_or_chance,C: >= 50 pc,13.489930561868515,1167.3818132830684,0.11815696387227044,1167.2636563191961,9879.923916672627,False,9877.659856632792,2.2640600398353854,0.00022915763916103902
13,CWNU_1356(1),UBC_513,7.55,8.1,7.824999999999999,66834391.75686135,66.83439175686135,220.8245,115.9014,336.7259,77.42216,0.19344,47.90478,0.0040380104031372,0.0479761548315964,0.9520238451684035,320.57108608579136,247.64671215880892,802.12333,170.59586,-60.84252,0.371,-5.876,0.80575,-30.18933,171.35813,-61.44235,0.37953,-5.61069,0.5861,16.98114,68.85547536479692,68.85547536479692,0.0,1.0,1.0,False,0.0,C_wide_or_chance,C: >= 50 pc,76.00801929492206,87214.1835916757,1.4217778465033317,87212.76181382919,61341.639135936086,False,61328.89404306796,12.745092868128268,0.0002077722905298392
26,HSC_437,UPK_56,7.85,7.75,7.8,63095734.448019296,63.09573444801929,66.8772,170.6407,237.5179,50.05746,0.20205,22.93461,0.0088098293365354,0.0486342526174736,0.9513657473825264,225.9663944502281,113.50957683741647,153.575245,290.74402,19.17677,1.19987,0.10665,-6.86435,-21.86787,289.18388,17.65193,1.27309,-0.16052,-6.75102,0.78039,56.55153227628643,56.55153227628643,0.0,1.0,1.0,False,0.0,C_wide_or_chance,C: >= 50 pc,48.046788145398736,12636.217256970924,0.9805121637121044,12635.236744807211,12887.36409870907,False,12884.424033809355,2.9400648997143435,0.00022813547263779492
40,CWNU_352,NGC_5749,7.15,8.2,7.675,47315125.896148026,47.315125896148025,194.9071,231.9624,426.8695,60.47379,0.24644,40.01807,0.0061582180250072,0.0482675094475232,0.9517324905524768,406.2655723758904,162.38463723421523,341.929135,223.70224,-57.55052,0.88241,-3.3654,-2.60776,-18.27077,222.19352,-54.50034,0.89331,-2.75092,-3.09369,-23.48661,63.71576496135574,63.71576496135574,0.0,1.0,1.0,False,0.0,C_wide_or_chance,C: >= 50 pc,105.91320929005236,84807.13879136679,3.215430704490583,84803.9233606623,26375.047881743318,False,26368.77040968768,6.27747205563719,0.00023800798708625004
83,UBC_270,UBC_273,7.5,7.7,7.6,39810717.05534969,39.81071705534969,209.7032,203.312,413.0152000000001,83.27714,0.20657,4.85118,0.042581392568406,0.0535422219944124,0.9464577780055876,390.9014484745334,23.48443626857724,1481.471215,169.83322,-59.56438,0.40016,-6.31601,1.18445,0.78452,170.35202,-60.57035,0.41718,-6.3114,1.22458,2.52069,111.190393359959,111.190393359959,0.0,1.0,1.0,False,0.0,C_wide_or_chance,C: >= 50 pc,103.22907485826188,1214.6938085402285,2.2019292336639484,1212.4918793065644,551.6497941757248,False,551.5187468528661,0.13104732285864884,0.00023755528279396855
53,CWNU_2467,HSC_657,8.15,7.95,8.05,112201845.43019652,112.20184543019651,234.3455,99.3085,333.654,95.50298,0.17338,32.47075,0.0053395748481325,0.0481548146364651,0.9518451853635348,317.58695347728485,187.2808282385512,782.978115,308.04793,48.21654,0.35338,-2.35017,-4.69316,-13.68697,306.96827,46.87879,0.34679,-2.05312,-4.83865,-44.17685,93.05622384174288,93.05622384174288,0.0,1.0,1.0,False,0.0,C_wide_or_chance,C: >= 50 pc,69.75040037508916,36770.653561650855,1.048062558248754,36769.605499092606,35084.407197116445,False,35074.10862571772,10.298571398721833,0.0002935369932534663
31,CWNU_2459,UBC_1008,7.75,8.35,8.05,112201845.43019652,112.20184543019651,121.9514,55.874,177.8254,92.77868,0.12842,12.18222,0.0105415925832894,0.048875197750079,0.951124802249921,169.1341484100131,94.86232674038312,5134.96412,273.04226,-19.18102,0.31091,-0.70931,-2.03355,4.81611,273.32582,-19.01824,0.33288,-0.86257,-1.82851,16.36777,212.95965111451235,212.95965111451235,0.0,1.0,1.0,False,0.0,C_wide_or_chance,C: >= 50 pc,38.31799351273778,2843.319348040126,0.3158707803238905,2843.003477259802,9001.52696974572,False,8998.861034599207,2.6659351465132204,0.00029616476798586194
100,CWNU_448,Theia_1829,7.95,8.1,8.025,105925372.51772895,105.92537251772896,100.1899,78.0771,178.267,127.3026,0.10977,11.58414,0.0094758868591021,0.0487267894170235,0.9512732105829764,169.58062143099545,105.5310194042088,6618.45817,283.66795,-17.61546,0.91893,0.06734,-3.88352,-4.04917,278.23348,-13.05203,0.93416,0.60969,-3.9603,-16.49095,132.0000556121027,132.0000556121027,0.0,1.0,1.0,False,0.0,C_wide_or_chance,C: >= 50 pc,43.881014665024935,2944.247132015303,0.2642843413717819,2943.9828476739312,11140.452426099224,False,11136.796056491496,3.6563696077282657,0.00032820656360080393
80,NGC_6683,UBC_103,7.3,8.55,7.925000000000001,84139514.16451965,84.13951416451965,274.0879,372.3691,646.457,57.25669,0.31168,11.98884,0.0259975110185806,0.051076316230152,0.948923683769848,613.4383578388046,38.46522073921971,198.36525,280.55063,-6.23094,0.28438,-0.35078,-2.34894,21.55002,280.62524,-6.6216,0.29439,-0.35818,-2.28234,30.12285,121.94921883754292,121.94921883754292,0.0,1.0,1.0,False,0.0,C_wide_or_chance,C: >= 50 pc,157.8788142813675,11346.141329005724,7.666521348951693,11338.474807656772,1479.9595295664542,False,1479.5732065168982,0.38632304955604013,0.00026103622554409395
52,CWNU_1730(1),NGC_3590,8.15,7.8,7.975,94406087.62859228,94.40608762859227,116.6041,515.0524,631.6565,83.69108,0.25483,19.30791,0.0131982177252742,0.0492470235665842,0.9507529764334156,600.5492974585139,75.76780598830592,2605.819435,164.70783,-60.12803,0.38549,-6.13631,0.79189,5.57574,168.26644,-60.78808,0.3818,-6.12671,1.02661,-14.70295,88.87750561067199,88.87750561067199,0.0,1.0,1.0,False,0.0,C_wide_or_chance,C: >= 50 pc,95.07892589538777,17722.492561904335,3.086364059030277,17719.406197845306,5742.191207174914,False,5740.760424281567,1.4307828933469864,0.0002491701933504429
158,HSC_1370,Theia_669,7.8,8.15,7.975,94406087.62859228,94.40608762859227,45.4585,46.4702,91.9287,199.72578,0.06293,24.09389,0.0026118654978502,0.0477811171987534,0.9522188828012466,87.53624401137095,382.8681074209439,53279.034855000005,95.25121,38.42337,0.9431,1.88111,-3.15174,-32.91555,91.56605,38.83639,1.11366,1.62268,-3.09363,-9.52693,169.77543774025378,169.77543774025378,0.0,1.0,1.0,False,0.0,C_wide_or_chance,C: >= 50 pc,22.979391492537154,6669.9468769480545,0.04549007005564686,6669.901386877998,146624.23840607138,False,146587.98768009542,36.25072597595863,0.00024723556193733363
16,UBC_272,UBC_661,8.85,7.25,8.05,112201845.43019652,112.20184543019651,235.7734,144.1659,379.9393,52.7975,0.24883,23.49007,0.0105929867386516,0.0488823656383953,0.9511176343616046,361.366968217004,94.40208174255515,128.373825,168.09542,-62.27555,0.42286,-5.85729,1.57734,-0.18781,168.20454,-61.14657,0.42376,-5.843,1.2764,23.32857,46.86640238840557,46.86640238840557,0.0,1.0,1.0,False,0.0,B_loose_complex,B: 20-50 pc,89.46293370298888,24682.080356585357,2.768886053354611,24679.311470532,8914.083093698304,False,8911.753037328066,2.3300563702377985,0.0002613904700849156
124,Theia_1140,UPK_53,7.95,7.8,7.875,74989420.93324558,74.98942093324558,79.1331,417.4136,496.5467,151.80681,0.16776,5.4157,0.0309766050556714,0.0518051632187482,0.9481948367812516,470.8230171607692,32.282427277062475,7689.233945,280.85122,5.42513,1.46846,3.65956,0.18523,-10.60511,288.47736,14.29156,1.66936,2.42825,0.99448,-5.78198,153.05969759154326,153.05969759154326,0.0,1.0,1.0,False,0.0,C_wide_or_chance,C: >= 50 pc,66.5219044858419,975.537292958003,0.9358249264575309,974.6014680315456,1042.435679343143,False,1042.1551108988274,0.2805684443155769,0.0002691470081802726
34,UPK_219,UPK_226,8.8,7.9,8.350000000000001,223872113.85683468,223.8721138568347,75.2813,164.9534,240.2347,60.27429,0.18518,5.19098,0.0356734181214337,0.0525016923938647,0.9474983076061352,227.6219716782676,28.032076898153147,710.8513949999999,351.81727,65.30752,1.22165,-1.78722,-2.53706,-7.38041,352.78804,68.632,1.16829,-1.53149,-3.1661,-3.96017,61.535351325228085,61.535351325228085,0.0,1.0,1.0,False,0.0,C_wide_or_chance,C: >= 50 pc,51.69072740707317,696.4362354544569,0.8860890448664208,695.5501464095905,785.9664211957904,False,785.7973352239713,0.16908597181907226,0.00021513129220179702
67,Barkhatova_1,HXHWL_31,7.7,8.8,8.25,177827941.00389227,177.82794100389228,292.1052,67.9126,360.0178,55.96084,0.23527,34.71825,0.0067765512374615,0.0483527954121396,0.9516472045878605,342.6099329718714,147.56768818803926,803.4796100000001,313.45611,46.01874,0.49163,-2.46718,-4.49046,-26.7693,314.99516,45.34138,0.49469,-2.52086,-4.55051,7.8382,46.70091424147297,46.70091424147297,0.0,1.0,1.0,False,0.0,B_loose_complex,B: 20-50 pc,55.101785538159504,33208.65823372714,1.5246371920210748,33207.13359653512,21781.351266726873,False,21776.22259716238,5.1286695644921565,0.00023546149647412815
32,HSC_1799,UBC_630,8.15,8.25,8.2,158489319.2461111,158.4893192461111,53.5862,159.073,212.6592,35.79911,0.22608,13.05894,0.0173122780256284,0.0498281316145851,0.9501718683854148,202.0627893933476,57.76247346072186,114.49962,113.02285,-11.79155,0.48247,-2.76429,2.67107,27.47239,112.85919,-12.80094,0.47393,-2.54217,2.6588,14.06876,52.78519274798988,52.78519274798988,0.0,1.0,1.0,False,0.0,C_wide_or_chance,C: >= 50 pc,40.08346496460064,3417.835165481385,1.0240903912282784,3416.811075090157,3337.435049441374,False,3336.503340300597,0.9317091407770022,0.0002791692203666865
20,HSC_1743,Theia_267,8.1,8.35,8.225,167880401.8122559,167.88040181225588,244.0166,202.4549,446.4715,55.68271,0.26266,3.06772,0.085620591188244,0.0604753491727009,0.9395246508272992,419.47098014184047,11.679433488159598,120.71734,105.74808,-8.33352,1.32473,-3.30492,2.25809,34.15829,105.84537,-8.18395,1.42262,-3.27205,2.51464,36.9568,51.99161191198176,51.99161191198176,0.0,1.0,1.0,False,0.0,C_wide_or_chance,C: >= 50 pc,110.65063806164561,520.661376730564,3.8158244742429455,516.8455522563211,136.4479368076443,False,136.40916660434385,0.03877020330045866,0.0002841391684442576
66,Theia_569,UPK_333,8.4,9.0,8.7,501187233.6272715,501.1872336272715,53.8138,96.0393,149.85309999999998,98.54263,0.11439,7.9755,0.0143426744404739,0.0494080289938738,0.9505919710061262,142.44915369037813,69.72200367164962,2890.15704,73.00336,43.99088,1.2979,2.01648,-6.31052,5.12655,61.84321,44.09816,1.38895,2.33032,-6.30832,11.29149,115.72550378465188,115.72550378465188,0.0,1.0,1.0,False,0.0,C_wide_or_chance,C: >= 50 pc,34.48870715614158,1096.8891933171622,0.22556908928933012,1096.6636242278728,4862.76376241524,False,4861.157795989523,1.6059664257172699,0.0003302579570346262
136,HSC_2720,UBC_302,8.7,8.8,8.75,562341325.1903491,562.3413251903492,51.8158,194.6249,246.4407,166.12917,0.11298,3.37422,0.0334832939168163,0.0521758068201899,0.94782419317981,233.5824576441676,29.865639936271908,21841.520935,230.51375,-52.45486,0.88995,-4.60809,-4.51853,-24.2369,220.31651,-55.38298,0.83402,-4.85824,-4.11029,-20.1901,154.6957649913005,154.6957649913005,0.0,1.0,1.0,False,0.0,C_wide_or_chance,C: >= 50 pc,40.921182635092336,232.95121041136122,0.2610813223465054,232.6901290890147,892.2553644116676,False,891.9564488030395,0.2989156086281355,0.00033501127653654786
88,NGC_2437,NGC_2479,8.45,9.05,8.75,562341325.1903491,562.3413251903492,3577.7395,331.2227,3908.9622,116.84804,0.5365,8.56445,0.0626426682390579,0.0566753034741575,0.9433246965258424,3687.42058104599,15.963560111835976,437.160355,115.43973,-14.84736,0.59757,-3.86337,0.40036,43.85399,118.74801,-17.7615,0.60582,-4.29354,1.08078,35.65421,127.03787895215,127.03787895215,0.0,1.0,1.0,False,0.0,C_wide_or_chance,C: >= 50 pc,303.1568166831212,11118.246512548702,43.61827293464922,11074.628239614052,254.8988248389967,False,254.83525144420065,0.06357339479603752,0.00024940638638170563
137,HSC_648,LP_876,9.4,9.65,9.525,3349654391.5782795,3349.6543915782795,60.436,74.4546,134.8906,156.65978,0.08607,39.74696,0.0021654486280208,0.0477202207547376,0.9522797792452624,128.453590790261,461.79807133728366,31381.697895,311.60996,43.52736,0.49354,-2.74126,-4.27401,27.02452,316.03638,42.03773,0.46548,-2.41934,-4.23089,-8.05176,178.44831729509716,178.44831729509716,0.0,1.0,1.0,False,0.0,C_wide_or_chance,C: >= 50 pc,33.35842679623339,26350.168741710324,0.12353522875459068,26350.04520648157,213300.84549449728,False,213257.45869083493,43.38680366234621,0.0002034066182989673
